CPF,Nome,Curso,Origem
076.284.195-85,Eloah Araújo,Eveniet,SIGAA
390.461.527-07,Joana Moura,Sunt,SIGAA
630.542.197-80,Levi Cardoso,Occaecati,SIGAA
291.483.765-82,Ana Sophia Nunes,Quidem,SIGAA
726.384.015-44,Brenda Melo,Nostrum,SIGAA
216.398.054-51,Alana Pires,Magnam,SIGAA
863.250.974-83,Maria Julia das Neves,Aliquid,SIGAA
146.095.273-16,Dr. Lucca Freitas,Non,SIGAA
397.280.461-03,Benício Nogueira,Quo,SIGAA
247.315.906-80,Srta. Isis Teixeira,Necessitatibus,SIGAA
786.053.924-10,Dr. Cauã da Mata,Animi,SIGAA
658.374.912-28,Cecília Correia,Consequatur,SIGAA
386.740.521-26,Ana Sophia Moraes,Reiciendis,SIGAA
103.547.269-43,Bianca Nogueira,Molestias,SIGAA
693.802.475-83,Daniela Gomes,Alias,SIGAA
280.451.937-60,Laís Alves,Nam,SIGAA
864.920.571-20,Guilherme Gonçalves,Minus,SIGAA
145.930.276-16,Ana Laura Aragão,Praesentium,SIGAA
648.732.195-82,Ana Luiza Lima,Quidem,SIGAA
063.174.825-35,Rodrigo da Mata,Mollitia,SIGAA
094.267.581-94,Manuela Santos,Dolore,SIGAA
645.780.132-35,Sabrina Araújo,Vero,SIGAA
057.129.436-70,Pedro Lucas Souza,Ipsam,SIGAA
642.375.081-53,Fernando Alves,Dignissimos,SIGAA
851.936.702-02,Luigi Silveira,Sed,SIGAA
625.149.870-67,Gustavo Henrique Novaes,Magnam,SIGAA
876.291.543-64,Gustavo Moraes,Nulla,SIGAA
639.751.204-52,Natália Oliveira,Beatae,SIGAA
423.861.975-73,Catarina Pinto,Excepturi,SIGAA
745.982.106-30,Emanuella Azevedo,Ad,SIGAA
671.092.485-85,Agatha Nogueira,Est,SIGAA
846.350.172-90,Maria Eduarda da Mata,Accusamus,SIGAA
928.154.706-67,Natália Cunha,Nisi,SIGAA
913.802.675-95,Camila Cavalcanti,Quas,SIGAA
104.378.962-69,Luigi Fogaça,Vitae,SIGAA
753.620.194-06,Maria Alice Alves,Reprehenderit,SIGAA
216.048.359-15,Kaique Gonçalves,Quos,SIGAA
761.358.290-68,João Lucas Pinto,Voluptas,SIGAA
184.792.305-41,João Vitor Monteiro,Magni,SIGAA
716.354.980-66,Laís das Neves,Deleniti,SIGAA
852.970.164-01,Letícia Cunha,Quis,SIGAA
680.479.135-57,Luiz Gustavo Pinto,Dignissimos,SIGAA
627.359.140-70,Cauê Silveira,Similique,SIGAA
549.203.861-33,Sofia Moraes,Veniam,SIGAA
762.538.409-83,Ana Carolina Correia,Deleniti,SIGAA
704.328.561-53,Gabrielly Sales,Autem,SIGAA
412.605.978-49,Sra. Luiza Lima,Hic,SIGAA
452.916.870-02,Sophia Farias,Ipsam,SIGAA
180.649.375-66,Fernando Pinto,Eveniet,SIGAA
492.658.310-06,Bruna Novaes,Minus,SIGAA
178.920.653-77,Ana Luiza Ferreira,Culpa,SIGAA
603.182.495-70,Joaquim Ribeiro,Ad,SIGAA
837.964.150-75,Milena Correia,Praesentium,SIGAA
306.859.741-20,Davi Luiz das Neves,Quam,SIGAA
350.247.896-10,Camila Campos,Sint,SIGAA
893.175.240-79,Thiago Nunes,Quis,SIGAA
715.398.426-73,Juliana da Conceição,Aperiam,SIGAA
385.210.497-14,Cecília da Rocha,Assumenda,SIGAA
169.324.580-98,Ana Julia Dias,Nulla,SIGAA
867.941.320-87,Felipe Azevedo,Recusandae,SIGAA
825.761.409-20,Matheus Alves,Beatae,SIGAA
574.862.019-76,Alana Santos,Explicabo,SIGAA
705.831.246-07,Brenda Teixeira,Est,SIGAA
675.803.214-08,Luiz Felipe Viana,Accusamus,SIGAA
617.034.958-10,Maria Alice da Mota,Saepe,SIGAA
709.541.623-07,Benjamin Santos,Impedit,SIGAA
751.624.039-70,Pedro da Rosa,Ab,SIGAA
208.765.431-07,Benício Pires,Hic,SIGAA
798.563.401-01,Carolina Teixeira,Optio,SIGAA
018.479.632-69,Gabriel Rodrigues,Dolorem,SIGAA
492.187.536-73,Maria Alice Cunha,Quo,SIGAA
473.521.609-06,Antônio Aragão,Atque,SIGAA
306.179.452-25,Srta. Brenda Araújo,Cumque,SIGAA
730.548.291-97,Laís Cavalcanti,Corporis,SIGAA
347.108.926-87,João Vitor Peixoto,Tenetur,SIGAA
459.817.063-84,Emanuel Ribeiro,Impedit,SIGAA
348.752.160-17,Agatha Cardoso,Omnis,SIGAA
273.491.068-31,Marcela da Rocha,Atque,SIGAA
059.742.613-99,Camila Castro,Suscipit,SIGAA
139.825.670-68,Clarice Fogaça,Ab,SIGAA
315.967.028-77,Marcelo Silveira,Ducimus,SIGAA
463.072.189-40,Natália das Neves,Odio,SIGAA
645.318.079-01,Sra. Cecília da Conceição,Ipsam,SIGAA
175.408.923-23,Lara da Cruz,Molestiae,SIGAA
342.198.657-64,Emanuella Fogaça,Quas,SIGAA
795.403.618-93,João Lucas Jesus,Error,SIGAA
263.905.481-33,Dr. Luiz Henrique Ferreira,Voluptates,SIGAA
196.324.875-91,Bruna Novaes,Modi,SIGAA
043.861.275-26,Nicolas da Mota,Dignissimos,SIGAA
035.149.682-33,Srta. Elisa Porto,Fugit,SIGAA
495.182.076-58,Mirella Novaes,Iure,SIGAA
273.849.601-69,Bernardo Alves,Accusantium,SIGAA
329.715.846-82,Pedro Lopes,Ad,SIGAA
421.673.985-73,Davi Luiz Costa,Aperiam,SIGAA
476.130.285-26,Sra. Eloah Nogueira,Nisi,SIGAA
385.790.624-38,Samuel Carvalho,Unde,SIGAA
573.204.968-10,Diego da Mata,Dicta,SIGAA
218.506.743-53,Sra. Laura Teixeira,Quis,SIGAA
037.621.459-70,Ryan Sales,Qui,SIGAA
046.789.152-49,Luiz Fernando Caldeira,Explicabo,SIGAA
760.451.923-70,Luiz Felipe da Paz,Numquam,SIGAA
095.726.138-12,Marcela Nascimento,Fugit,SIGAA
921.573.846-00,Dra. Giovanna Fogaça,Voluptates,SIGAA
427.613.580-07,Maria Fernanda Viana,Sapiente,SIGAA
678.352.140-08,Camila Ribeiro,Ipsam,SIGAA
875.231.469-37,Stella Farias,Et,SIGAA
467.320.951-61,Maria da Costa,Doloremque,SIGAA
130.274.689-87,Elisa Ramos,Dicta,SIGAA
029.135.648-60,Augusto Rodrigues,Maiores,SIGAA
276.583.410-53,Sr. Danilo Barbosa,Mollitia,SIGAA
102.598.463-33,Thales Martins,Molestiae,SIGAA
209.684.753-29,Beatriz Gonçalves,Nobis,SIGAA
948.561.302-42,Maria Cecília Jesus,Optio,SIGAA
679.285.034-92,Dr. Lucca Dias,Molestiae,SIGAA
708.534.192-05,Isaac Barros,Sint,SIGAA
280.459.731-88,Benício Moraes,Necessitatibus,SIGAA
739.582.041-04,Bruna Caldeira,Quia,SIGAA
149.702.658-01,João Miguel Rodrigues,Perspiciatis,SIGAA
964.723.801-04,Isaac Lima,Iure,SIGAA
591.348.072-41,Juliana da Mata,Doloribus,SIGAA
942.057.381-88,Emanuel Novaes,Minima,SIGAA
537.186.490-39,Sr. Bruno Nunes,Temporibus,SIGAA
318.594.720-79,Yuri Rodrigues,Sunt,SIGAA
389.076.215-86,João da Rocha,Delectus,SIGAA
473.105.968-20,Murilo Costa,Eius,SIGAA
754.391.620-70,Laís Carvalho,Unde,SIGAA
384.651.092-06,Maysa Nunes,At,SIGAA
315.078.642-80,Maitê Moura,Sit,SIGAA
481.259.706-49,Pedro Miguel Martins,Dolore,SIGAA
830.159.264-89,Pietra Cardoso,Neque,SIGAA
415.670.238-35,Ana Beatriz Viana,Nisi,SIGAA
204.685.713-53,Agatha da Paz,Libero,SIGAA
470.921.658-49,Alice Gonçalves,Dolores,SIGAA
386.910.425-24,Kamilly Moura,Corrupti,SIGAA
980.635.214-98,Gabrielly da Cunha,Quisquam,SIGAA
742.598.601-94,Sr. Benjamin das Neves,Officia,SIGAA
273.496.015-06,João Miguel Farias,Inventore,SIGAA
908.735.126-77,Evelyn Caldeira,Dolores,SIGAA
362.914.058-06,Catarina Cardoso,Ducimus,SIGAA
014.296.783-13,Marcos Vinicius Nascimento,Libero,SIGAA
208.964.513-05,Sr. Luigi da Rocha,Error,SIGAA
248.137.960-87,Bryan Ramos,Perferendis,SIGAA
487.253.910-97,Sra. Marcela Rocha,A,SIGAA
824.639.751-64,Emanuella da Cunha,Nisi,SIGAA
498.602.375-65,Lorena Teixeira,Deleniti,SIGAA
824.390.571-50,Calebe Peixoto,Odit,SIGAA
461.298.035-24,Matheus Monteiro,Mollitia,SIGAA
480.793.152-05,Augusto Cunha,Fugiat,SIGAA
807.569.231-40,Heitor Moura,Praesentium,SIGAA
916.570.432-07,Gabrielly da Rocha,Esse,SIGAA
625.784.901-20,Luigi Viana,Dignissimos,SIGAA
294.316.705-34,Bruno Jesus,Dolores,SIGAA
706.152.834-62,Isadora da Mata,Ad,SIGAA
856.240.739-92,Dra. Maria Azevedo,Quisquam,SIGAA
628.435.709-56,Ana Lívia da Rocha,Qui,SIGAA
127.640.358-53,Otávio Gomes,Quidem,SIGAA
046.985.213-51,Luiz Fernando da Cunha,Ipsam,SIGAA
479.362.580-00,Paulo Teixeira,Numquam,SIGAA
218.645.307-07,Pedro Henrique Cavalcanti,Ea,SIGAA
892.037.645-00,Noah Araújo,Corporis,SIGAA
560.813.924-06,Lara Moreira,Dolorum,SIGAA
513.790.482-14,Julia Ferreira,Esse,SIGAA
021.795.438-32,Benjamin Martins,Temporibus,SIGAA
836.254.190-33,Júlia Moreira,Blanditiis,SIGAA
410.265.879-30,Fernanda Lopes,Sunt,SIGAA
592.071.483-23,João Miguel Lopes,Quia,SIGAA
062.384.197-50,Luiz Henrique Caldeira,Placeat,SIGAA
975.438.016-39,Dra. Joana Duarte,Earum,SIGAA
061.254.879-11,Nicolas Teixeira,Animi,SIGAA
304.621.985-70,Juliana Rodrigues,Ipsa,SIGAA
926.340.718-50,Rafaela Silva,Cum,SIGAA
821.963.754-46,Fernando Almeida,Amet,SIGAA
756.341.809-10,Isaac Freitas,Eaque,SIGAA
498.201.367-50,Srta. Ana Lívia Moreira,Laudantium,SIGAA
283.074.691-04,Ana Clara Martins,Ipsum,SIGAA
597.841.032-14,Diogo Azevedo,Facere,SIGAA
309.245.678-56,Helena Rezende,Unde,SIGAA
148.690.532-33,Calebe Alves,Quae,SIGAA
159.407.823-88,Diogo Nunes,Eveniet,SIGAA
879.654.213-64,Bernardo Teixeira,Facere,SIGAA
862.375.094-29,Heloísa Cardoso,Voluptas,SIGAA
263.709.514-80,Ana Luiza Rocha,Sapiente,SIGAA
849.613.750-39,Nicole da Cruz,Ducimus,SIGAA
653.892.104-33,Rafaela Lopes,Illo,SIGAA
918.702.436-50,Francisco da Mota,Culpa,SIGAA
196.573.402-25,Gustavo Rodrigues,Fuga,SIGAA
813.902.764-22,Cauã Nunes,Delectus,SIGAA
271.064.983-78,Marcos Vinicius Fogaça,Iste,SIGAA
042.378.596-65,Benjamin Moura,Esse,SIGAA
803.725.469-00,Vinicius Peixoto,Odio,SIGAA
398.625.170-77,Júlia Ramos,Ipsum,SIGAA
081.594.637-66,Emanuel Campos,Earum,SIGAA
896.540.127-58,Ana Beatriz Nunes,Animi,SIGAA
317.698.425-19,Murilo Duarte,Molestiae,SIGAA
712.354.860-44,Luiza da Costa,Officia,SIGAA
516.329.480-60,Raquel Gomes,Amet,SIGAA
023.469.187-50,Nicolas da Cunha,Velit,SIGAA
715.640.932-80,Clarice Lima,Facilis,SIGAA
963.501.842-89,Daniela Pereira,Voluptatum,SIGAA
572.419.638-73,Kaique Barros,Blanditiis,SIGAA
645.102.938-60,Isis Cardoso,Assumenda,SIGAA
982.634.105-33,Sr. Breno Moraes,Debitis,SIGAA
081.253.947-88,Sr. Nathan Ribeiro,Qui,SIGAA
163.548.972-55,Dr. Bernardo Barros,Nisi,SIGAA
679.143.258-64,Rodrigo Lopes,Ullam,SIGAA
825.063.714-35,Rebeca da Paz,Repellat,SIGAA
085.734.219-32,Yago Silva,Beatae,SIGAA
706.934.582-83,Giovanna Araújo,A,SIGAA
907.152.643-70,Francisco Pires,Quibusdam,SIGAA
792.315.068-03,Dra. Kamilly Pires,Sequi,SIGAA
915.047.386-75,Sr. Cauã Fernandes,Similique,SIGAA
802.564.197-01,Alana Freitas,Mollitia,SIGAA
428.579.106-49,Renan Oliveira,Similique,SIGAA
072.914.358-97,Vicente Carvalho,Aperiam,SIGAA
829.436.051-15,Maysa Cunha,Facilis,SIGAA
689.317.052-12,Matheus Campos,Est,SIGAA
061.834.259-15,Maria Clara da Costa,Ea,SIGAA
651.239.740-16,Sr. Pedro Miguel Rodrigues,Quis,SIGAA
649.852.317-46,Lívia Ferreira,Esse,SIGAA
241.789.356-82,Luiz Henrique da Luz,Ipsum,SIGAA
520.879.614-76,Paulo das Neves,Quasi,SIGAA
852.364.701-53,Heloísa Cardoso,Sint,SIGAA
147.320.569-70,João Vitor Costa,Magnam,SIGAA
768.435.920-74,Diogo da Cunha,Perspiciatis,SIGAA
825.749.036-92,Calebe Araújo,Enim,SIGAA
753.089.642-38,Alexia Moraes,Ipsam,SIGAA
235.986.471-82,Ana Laura Gonçalves,Perferendis,SIGAA
516.298.407-85,Dra. Beatriz Campos,Ratione,SIGAA
529.310.846-89,Diego da Luz,Molestiae,SIGAA
195.342.867-37,Enrico Costela,Ad,SIGAA
821.603.547-08,Helena Nogueira,Occaecati,SIGAA
325.971.460-06,João Sales,Fuga,SIGAA
278.469.513-19,Ryan Lopes,Corporis,SIGAA
752.309.846-00,Thiago da Cruz,Nemo,SIGAA
157.683.204-07,Guilherme Fogaça,Ab,SIGAA
701.296.854-02,Sr. Nicolas Costa,Architecto,SIGAA
415.820.379-14,Mariana Lopes,Cupiditate,SIGAA
879.012.653-02,João Ramos,Dolores,SIGAA
718.290.364-40,Emanuella Carvalho,Molestias,SIGAA
651.837.904-93,Mariane da Costa,Quidem,SIGAA
021.586.374-71,Marcos Vinicius Moura,Asperiores,SIGAA
687.053.142-08,Maysa Mendes,Odit,SIGAA
426.378.501-08,Srta. Agatha Araújo,Nesciunt,SIGAA
129.835.406-42,Cecília Almeida,Ad,SIGAA
823.456.910-42,Paulo da Cunha,Laudantium,SIGAA
647.918.053-48,Maria Luiza das Neves,Dolorem,SIGAA
124.087.356-53,Maria Sophia Araújo,Tenetur,SIGAA
210.645.789-85,Sr. Anthony Ribeiro,Consectetur,SIGAA
583.190.742-23,Dra. Natália Silveira,Recusandae,SIGAA
935.142.086-89,Enzo Dias,Dignissimos,SIGAA
785.091.342-60,Clara Rodrigues,Laudantium,SIGAA
721.549.608-20,Anthony Barros,Asperiores,SIGAA
280.345.916-70,Rodrigo Correia,Corrupti,SIGAA
042.983.715-14,Sra. Isis Cavalcanti,Consequatur,SIGAA
893.024.567-65,Maitê Silva,Officia,SIGAA
405.712.869-76,Ana Clara Lopes,Quibusdam,SIGAA
139.402.567-06,Marcos Vinicius das Neves,Magni,SIGAA
859.016.473-00,João Felipe Viana,Quisquam,SIGAA
086.254.791-11,Dr. João Gabriel Caldeira,Voluptatibus,SIGAA
105.843.629-51,Raquel Ribeiro,Ex,SIGAA
192.463.758-82,Luiz Gustavo da Luz,Eos,SIGAA
026.381.459-98,Caio Gonçalves,Consequuntur,SIGAA
758.903.612-95,Lorena Fogaça,Eveniet,SIGAA
631.908.254-24,Dra. Eloah Moura,Ut,SIGAA
657.423.108-62,Amanda Melo,Ipsam,SIGAA
065.978.423-83,Rafaela Moraes,Consequatur,SIGAA
073.562.198-59,Miguel Alves,Voluptas,SIGAA
827.054.391-88,Carlos Eduardo Jesus,Esse,SIGAA
321.740.958-23,Thales Campos,Est,SIGAA
283.569.740-38,Cauê Sales,Ut,SIGAA
936.410.587-75,Heitor da Rosa,Temporibus,SIGAA
265.791.083-12,Kevin Moura,Voluptatibus,SIGAA
603.974.158-93,Dra. Letícia Correia,Quia,SIGAA
936.012.845-70,Davi Vieira,Totam,SIGAA
826.375.904-83,Pedro Miguel Costela,Accusantium,SIGAA
279.810.534-04,Luiza Peixoto,Nostrum,SIGAA
581.079.362-21,Ana Carolina Nascimento,Dolorum,SIGAA
123.490.856-51,Stephany Almeida,Mollitia,SIGAA
261.407.538-80,Pietra Rezende,Doloremque,SIGAA
869.432.570-56,Laura Barros,Accusantium,SIGAA
859.462.107-85,Ian Gomes,Blanditiis,SIGAA
328.561.970-86,Sarah da Conceição,Iure,SIGAA
687.904.521-94,Dra. Maria Cecília Costa,Debitis,SIGAA
875.492.310-79,Giovanna da Mota,Odit,SIGAA
921.804.763-96,Vitor Hugo da Rocha,Doloribus,SIGAA
386.742.190-04,Cauã Teixeira,Quidem,SIGAA
740.129.863-50,Agatha da Cruz,Illum,SIGAA
175.269.380-95,Gabriel Dias,Autem,SIGAA
261.930.854-24,Daniel Novaes,Corrupti,SIGAA
408.576.931-66,Ryan Costa,Quo,SIGAA
160.839.572-30,Isis da Conceição,Voluptatem,SIGAA
871.603.542-90,Sarah Ribeiro,Dolore,SIGAA
514.907.632-52,Maria Sophia Duarte,Velit,SIGAA
207.396.485-00,Vitória Mendes,Tempora,SIGAA
523.680.491-42,Dr. Davi Lucca da Rosa,Unde,SIGAA
286.597.401-49,Pietro Barbosa,Soluta,SIGAA
937.854.120-88,Sr. Vitor Gabriel Ribeiro,In,SIGAA
239.546.178-46,Sabrina Cavalcanti,Nostrum,SIGAA
512.936.048-60,Helena Ramos,Libero,SIGAA
504.291.768-30,Leandro Cardoso,Nihil,SIGAA
