CPF,Matrícula,Nome,Email,Curso,Status
287.145.609-76,55837319,Yasmin Cunha,goncalvesjoao-gabriel@hotmail.com,Infomatica,Inativo
378.951.264-82,80971702,Ana Lívia Ribeiro,francisco76@gmail.com,TRABALHANDO BEM ,Trancado
621.048.935-42,42754776,Srta. Rebeca Cardoso,vianagabrielly@dias.net,Nulla,Ativo
905.836.724-00,41168968,Dr. Francisco Pereira,maria-clarateixeira@ig.com.br,Impedit,Ativo
532.107.849-14,43812308,Lorena Freitas,brendacorreia@ig.com.br,Non,Inativo
734.816.520-62,91674402,Maria Vitória Correia,raquelfernandes@freitas.net,Nulla,Trancado
984.763.250-29,65964276,Alexandre Campos,laura63@peixoto.org,Placeat,Inativo
958.710.326-21,79470602,Davi Lucas da Paz,ida-rocha@almeida.com,Perspiciatis,Inativo
630.849.157-84,54082970,Luiz Gustavo Peixoto,luiz-miguel94@gmail.com,Hic,Trancado
261.875.403-44,72153623,Dr. Vitor Gabriel Sales,kaiquecunha@moura.br,Libero,Trancado
621.098.537-86,30751408,Eduardo Lopes,joaoda-mota@hotmail.com,Ut,Trancado
379.021.845-60,32847412,Sra. Sabrina Fogaça,melissa54@ig.com.br,At,Ativo
174.925.368-28,74871858,Theo Fogaça,wferreira@gmail.com,Nam,Trancado
869.132.054-06,30859848,Luiz Fernando Lopes,ericknogueira@da.br,Ipsa,Trancado
605.312.479-61,42753464,Thomas da Cunha,da-costalara@caldeira.com,Cupiditate,Ativo
194.063.257-99,62495468,Lara Carvalho,martinscamila@ig.com.br,Eaque,Inativo
578.204.196-01,15615834,João Miguel Aragão,rodriguespedro-henrique@pereira.br,Aut,Trancado
527.849.361-55,10819978,Manuela Castro,srodrigues@farias.org,Saepe,Inativo
932.186.475-09,37477946,Dr. Vicente Lopes,diegonovaes@hotmail.com,Porro,Ativo
675.980.142-30,20776920,Yago Lopes,joana57@da.com,Quae,Trancado
853.964.012-06,54297735,Lívia Pinto,ninaaraujo@uol.com.br,Veniam,Trancado
036.598.471-00,81940282,Daniel Castro,ian38@uol.com.br,Consequuntur,Ativo
516.032.497-61,79240265,Dra. Lívia Pereira,luiz-fernando89@yahoo.com.br,Qui,Inativo
839.641.702-40,41886480,Agatha Silva,liviada-costa@yahoo.com.br,Assumenda,Ativo
382.605.714-71,70890490,Ana Lívia Duarte,portoana@silva.org,Similique,Trancado
162.304.758-71,97299512,Giovanna da Cunha,diogofernandes@yahoo.com.br,Placeat,Ativo
486.519.370-75,46641481,Thiago Barbosa,augustoazevedo@yahoo.com.br,Maiores,Inativo
130.458.627-80,33911086,Raquel Silva,santoscaua@yahoo.com.br,Dignissimos,Trancado
132.075.684-08,35828296,Fernando Vieira,cardosodiogo@uol.com.br,Repellendus,Trancado
219.760.543-70,80606491,Evelyn Caldeira,santosluiz-henrique@uol.com.br,A,Ativo
562.198.073-59,74203596,Sr. Fernando da Luz,diogo07@castro.com,Nisi,Trancado
075.281.346-35,82324279,Dra. Caroline Ferreira,davi56@nunes.com,A,Inativo
053.782.469-38,37512139,João Guilherme Martins,diaskaique@bol.com.br,Exercitationem,Trancado
815.463.029-05,87864447,Marcelo Moreira,rochajoao-gabriel@yahoo.com.br,Aperiam,Inativo
713.406.598-75,90424633,Sr. Igor da Rocha,alicia63@da.br,Nisi,Ativo
467.180.953-20,95553888,Sabrina Gonçalves,joao-guilherme89@yahoo.com.br,Alias,Trancado
764.521.903-34,30975554,Maria da Cruz,beatriznunes@barbosa.net,Est,Ativo
845.639.102-60,53240672,Bruno Sales,oviana@ig.com.br,Commodi,Inativo
597.801.436-10,82488607,Marcelo Souza,luiz-henrique57@cardoso.org,Quo,Trancado
178.604.295-94,95253010,Luiz Miguel Viana,eduardanovaes@gmail.com,Voluptas,Trancado
541.382.067-44,33430279,Luna Viana,zrezende@uol.com.br,Soluta,Trancado
012.957.683-21,27305359,Rafael Castro,vnascimento@ig.com.br,Iusto,Trancado
046.751.982-01,71841897,Antônio Fernandes,samuel04@ig.com.br,Dolorem,Inativo
781.204.369-03,92507438,Sr. Theo da Mata,vitorrodrigues@costela.com,A,Trancado
152.837.964-00,33418174,Camila Farias,maite64@hotmail.com,Consequatur,Inativo
970.538.124-05,45048742,Cauã Freitas,imelo@yahoo.com.br,Odit,Ativo
624.907.835-56,21242554,Emanuella Sales,clara38@bol.com.br,Nam,Inativo
574.802.391-14,73312014,Nicole Nunes,manuela47@da.br,Nostrum,Ativo
802.567.491-67,11115071,Leonardo Correia,stellanascimento@gmail.com,Nobis,Inativo
045.621.378-35,49654126,Rafaela Teixeira,portosofia@ig.com.br,Blanditiis,Trancado
274.063.159-61,67051052,Elisa Mendes,rodrigosantos@ribeiro.com,Eligendi,Trancado
270.418.693-69,85030477,Sr. André Ferreira,pedro-miguelsouza@ramos.com,Atque,Ativo
085.621.739-59,11288073,Sr. Luiz Gustavo da Costa,mirellasilveira@jesus.com,Doloremque,Ativo
468.759.130-20,67175474,Ana Vitória da Rocha,barbosajuliana@uol.com.br,Aspernatur,Trancado
092.473.516-34,60699364,Pietra Teixeira,larissacardoso@uol.com.br,Repellat,Inativo
560.324.781-90,58669713,Otávio Rocha,da-motamatheus@ig.com.br,Cum,Trancado
156.490.723-61,16259256,Enrico Ribeiro,goncalvesjulia@ig.com.br,Harum,Inativo
213.590.847-97,15003041,Lucas Gabriel Ramos,kaiquenunes@sales.br,Ducimus,Trancado
426.798.013-69,43018875,Dra. Sabrina Aragão,otavio84@goncalves.com,Corrupti,Ativo
149.782.530-04,22342351,Kevin Ribeiro,cunhayago@rezende.br,Harum,Inativo
018.369.254-33,99423620,Catarina Caldeira,rodrigo96@ig.com.br,Eveniet,Inativo
214.876.350-44,31777096,Eduarda Teixeira,davi-lucas46@porto.br,Sed,Trancado
156.487.203-35,86458617,Bruna das Neves,opereira@goncalves.com,Vitae,Ativo
531.864.729-46,45204554,Kamilly Rocha,joao-pedro15@dias.com,Atque,Trancado
568.297.301-12,68737315,Giovanna Campos,rfarias@yahoo.com.br,Ipsa,Trancado
026.384.795-00,16213871,Daniel Cardoso,vitoria29@barbosa.com,Placeat,Inativo
918.073.542-88,65670710,Juliana Peixoto,barroslaura@ig.com.br,Dolore,Ativo
561.472.389-73,28553654,Vitor Hugo Aragão,luiz-gustavomoreira@yahoo.com.br,Quae,Inativo
127.634.590-99,91102314,Nathan Moreira,brendacardoso@silveira.br,Quasi,Trancado
613.490.278-04,57811112,Beatriz Gonçalves,bmoura@nascimento.com,Earum,Ativo
056.312.748-17,48420626,Yago Cunha,moraesluiz-otavio@uol.com.br,Atque,Ativo
685.129.304-89,22720401,Rafaela Cardoso,luccacaldeira@bol.com.br,Sunt,Ativo
547.169.032-06,56869541,Esther da Conceição,ribeiroenzo@silva.br,Saepe,Inativo
403.129.756-43,66373371,Brenda Lopes,arthur63@ig.com.br,Eligendi,Ativo
742.950.163-06,10275974,Rodrigo Santos,isabelteixeira@yahoo.com.br,Accusantium,Inativo
157.264.309-99,25745070,Elisa Souza,rmoraes@ferreira.com,Optio,Trancado
894.371.206-50,49614316,Isaac da Cunha,fcunha@gmail.com,Veritatis,Trancado
510.324.978-23,24686226,Vitória Melo,enzo34@da.br,Facilis,Inativo
045.937.861-93,71140092,Ana Júlia Jesus,diegoda-conceicao@gmail.com,Excepturi,Trancado
401.928.753-88,59089564,Helena Freitas,zpeixoto@bol.com.br,Dolores,Ativo
410.358.972-88,90632779,Mirella Araújo,ana-vitoriada-mota@cunha.net,Numquam,Inativo
605.783.491-75,74514362,Enrico Costela,raulda-rosa@yahoo.com.br,Earum,Trancado
720.961.435-43,43104822,Davi Lucas Aragão,elisa26@ferreira.org,Aliquam,Ativo
148.769.305-20,37756263,Sr. Yago Duarte,joao-guilherme26@vieira.br,Omnis,Inativo
597.623.841-64,39164506,Sr. Davi Lucas Mendes,heloisa83@ig.com.br,Nostrum,Ativo
613.248.709-31,22317814,Larissa das Neves,emanueljesus@gmail.com,Vel,Ativo
507.694.812-30,16235558,Pietra da Paz,ana-laura96@martins.com,Quia,Inativo
935.124.867-46,75836909,Catarina Araújo,catarinarodrigues@hotmail.com,Quibusdam,Ativo
168.495.320-06,56746547,Lívia Farias,joao-vitorcostela@hotmail.com,Quia,Trancado
274.508.316-35,54752336,Heitor Azevedo,zpinto@melo.net,Commodi,Trancado
429.067.183-78,49285947,Luana Lopes,ana-vitoriada-paz@bol.com.br,Illo,Trancado
185.423.790-04,14905299,Murilo Moura,vitor-gabriel42@ig.com.br,Nihil,Trancado
079.614.253-06,39375468,Lara Ribeiro,sarah90@hotmail.com,Iusto,Ativo
786.540.312-71,48919652,Ana Carolina Martins,jdas-neves@rocha.com,Doloribus,Inativo
874.632.059-83,96758693,Marcelo Fogaça,davi72@ig.com.br,Numquam,Trancado
584.231.706-08,37999470,Pietro Nunes,jnovaes@nunes.net,Molestiae,Ativo
619.354.807-66,66537440,Camila Jesus,sophia66@fogaca.br,Incidunt,Ativo
367.941.052-25,36231322,Sr. Gustavo Henrique Vieira,ana-beatriz49@dias.com,Maxime,Ativo
382.460.597-00,85002182,Bianca Carvalho,da-conceicaomaria-julia@gomes.net,Omnis,Trancado
047.518.963-93,48439456,Diogo Vieira,brendacardoso@da.br,Provident,Ativo
437.925.061-06,44572885,Sra. Amanda Teixeira,jbarbosa@nascimento.com,Error,Trancado
816.739.524-37,15998254,Enzo Gabriel Barbosa,castrovitor@hotmail.com,Velit,Ativo
517.098.324-79,28652809,Nina Araújo,zmoreira@bol.com.br,Totam,Ativo
910.324.567-52,10875991,Pedro Moura,vinicius29@hotmail.com,Repellat,Trancado
837.905.162-95,56549711,Rodrigo Jesus,ida-luz@porto.br,Quam,Ativo
806.392.754-00,55831341,Dra. Eloah Carvalho,gustavobarros@da.br,Nobis,Trancado
298.156.043-33,72802293,Joaquim Lopes,thales98@hotmail.com,Quasi,Ativo
214.307.689-40,91164828,Thiago Rocha,camposeduarda@nascimento.com,Excepturi,Ativo
016.548.372-53,88041289,Dr. Arthur Fernandes,teixeirahelena@da.com,Error,Inativo
317.569.482-91,92387209,Sr. Gustavo Melo,moreiraanthony@pereira.br,Illum,Ativo
614.853.972-19,72849653,Vitor Gabriel Oliveira,ida-rocha@yahoo.com.br,Explicabo,Ativo
871.436.059-48,19682354,Gustavo Henrique Correia,souzalorenzo@yahoo.com.br,Porro,Trancado
479.203.185-05,52483888,Sofia Silveira,luiza56@da.com,Omnis,Inativo
894.610.372-87,77489534,Fernanda Nascimento,rfarias@bol.com.br,Architecto,Inativo
618.520.943-89,97694022,Nina Costa,beatrizsantos@gmail.com,Ea,Ativo
370.289.164-13,41296161,Sophie da Cunha,emanuellylima@uol.com.br,Minima,Inativo
692.851.074-94,10233544,Dr. João Guilherme da Mota,raquel39@gmail.com,Voluptatem,Trancado
284.391.756-55,58277709,Fernando Azevedo,diassamuel@nunes.com,Incidunt,Trancado
247.039.185-79,16596218,Yuri Cunha,carvalhoagatha@souza.com,Quae,Ativo
754.318.260-26,28829709,Raquel Jesus,vicente63@nogueira.com,Officia,Ativo
653.921.487-19,49109574,Marcelo Porto,moreirabenicio@sales.com,Dolorum,Ativo
683.059.724-29,80447031,Melissa Correia,valentina04@gmail.com,Vero,Inativo
453.026.981-70,20021357,Stella Ferreira,portobrenda@bol.com.br,Dolorem,Trancado
976.201.438-31,59108247,Raquel Lima,qteixeira@hotmail.com,Necessitatibus,Trancado
739.540.128-04,76431121,Luna Ferreira,da-paznina@vieira.com,Quo,Trancado
372.154.908-23,20269927,Thiago Castro,noah50@castro.br,Dignissimos,Inativo
149.658.372-82,71836597,Isabelly Caldeira,lorenzoaragao@bol.com.br,Corrupti,Ativo
782.541.039-41,23848683,Alana Moreira,njesus@alves.com,Dicta,Trancado
691.723.450-80,43016768,Ana Julia Lima,iduarte@nunes.com,Dolor,Inativo
598.243.170-23,57428290,Cauã das Neves,kda-rocha@sales.br,Quo,Inativo
824.960.137-87,53946120,Heitor Fernandes,esther80@uol.com.br,Maxime,Trancado
987.421.630-13,84586078,Dr. Rafael da Rocha,evelynpires@ig.com.br,Sequi,Ativo
524.639.710-61,62741480,Enzo Gabriel Freitas,fda-rocha@gmail.com,Fugiat,Inativo
583.601.247-44,79476745,Manuela Barros,saleselisa@novaes.org,Odio,Ativo
369.582.147-73,25526040,Dr. Erick Fernandes,sabrinanascimento@yahoo.com.br,Deleniti,Ativo
746.380.125-07,52361629,Sarah Viana,marianefreitas@gmail.com,Rerum,Ativo
892.764.053-56,82542818,Eduarda Moreira,jramos@jesus.com,Unde,Trancado
607.238.195-21,61938755,Noah Nogueira,nogueirastella@ig.com.br,Qui,Inativo
627.843.519-55,24413961,Rafael Ramos,vieiraisabella@yahoo.com.br,Porro,Trancado
459.836.120-42,65582121,Sr. Anthony Silveira,rafaelnovaes@da.br,Cupiditate,Inativo
350.841.697-66,57187743,Gustavo Henrique Rocha,enzoda-conceicao@almeida.br,Iste,Ativo
035.428.169-06,24606364,Dr. Guilherme Moraes,manuela52@hotmail.com,Nihil,Trancado
547.169.283-73,19012838,João Felipe Rezende,urezende@yahoo.com.br,Vitae,Trancado
857.621.394-09,76348313,Maria Fernanda Ribeiro,peixotolara@martins.org,Illum,Ativo
938.740.512-50,54826160,Isaac Lima,maria-sophiarezende@da.com,Commodi,Inativo
820.314.756-90,74486763,Lavínia Nunes,sabrina78@gmail.com,Ab,Trancado
563.170.942-25,25113902,Anthony Duarte,fda-rocha@novaes.com,Iste,Ativo
210.697.534-16,60072698,Bárbara Castro,mendeslucas@porto.net,Veniam,Inativo
628.407.319-40,72860841,Ana Lívia Melo,nda-cunha@gmail.com,Qui,Trancado
724.985.061-01,62312249,Olivia Rocha,sabrina79@uol.com.br,Libero,Inativo
654.308.291-70,76287566,Sophie Lima,franciscoda-costa@novaes.br,Ipsum,Inativo
426.173.598-91,58036301,Larissa Nunes,goncalvesjoao@hotmail.com,Quidem,Ativo
982.507.416-76,82456510,Clara da Cruz,hgomes@da.br,Ipsa,Trancado
734.502.681-71,93379715,Ana Viana,oliviacunha@yahoo.com.br,Dolore,Trancado
832.567.194-73,70459708,Thales Castro,ifarias@da.com,Similique,Ativo
835.470.269-38,30806047,Dra. Isadora Santos,ebarros@uol.com.br,Omnis,Trancado
056.479.132-61,42601243,Ana Clara Caldeira,oliveiramaria-eduarda@uol.com.br,Vero,Ativo
063.712.485-53,43668487,Isabelly da Conceição,pietro31@mendes.br,Provident,Trancado
982.504.761-58,71924767,Sr. Benjamin Alves,maitealves@gmail.com,Nulla,Inativo
637.025.418-53,32163671,Thales Costela,silveiracaroline@da.net,Temporibus,Ativo
598.234.071-50,47754774,Giovanna Moura,maite68@gmail.com,Similique,Inativo
872.539.604-83,69603623,Dra. Ana Clara Porto,igorcosta@peixoto.com,Labore,Ativo
542.610.378-07,46474914,Maria Cecília Cardoso,lavinianunes@yahoo.com.br,Aliquam,Trancado
183.562.079-59,99112780,Dr. João Felipe Barbosa,andreramos@hotmail.com,Voluptas,Inativo
768.035.492-83,80235590,Clara da Cunha,asilveira@novaes.com,Mollitia,Trancado
108.429.763-96,72660342,Ana Clara Rezende,da-matalivia@da.br,Enim,Trancado
625.081.947-94,23710267,Eduardo Sales,nunesleandro@ramos.br,Ut,Trancado
760.248.953-56,48524004,Cauã Correia,nduarte@ig.com.br,Quos,Ativo
182.940.567-58,41087448,Dra. Isis Farias,portoluiz-felipe@freitas.org,Atque,Trancado
042.751.839-32,23028485,Lívia Castro,fernandesjoao-vitor@hotmail.com,Culpa,Ativo
295.164.370-52,49730668,Breno Alves,pgoncalves@uol.com.br,Repellat,Ativo
083.926.471-22,67182107,Rafaela Alves,da-mataleonardo@almeida.br,Rem,Trancado
493.182.670-96,61570955,Vitor Gabriel Moura,pietro03@hotmail.com,Illo,Trancado
472.513.860-62,11856476,Dr. Alexandre Vieira,smonteiro@dias.org,Quibusdam,Ativo
209.345.186-70,71887082,Caroline Cardoso,ymelo@castro.com,Odit,Inativo
938.460.152-70,84307484,Srta. Ana Pereira,jgomes@fernandes.com,Beatae,Inativo
254.370.198-23,56592575,Murilo Silveira,zsouza@ig.com.br,Dignissimos,Inativo
310.456.879-01,61347396,João Miguel Teixeira,fmoreira@hotmail.com,Excepturi,Inativo
019.364.572-61,67616661,Sr. Matheus Nunes,luiz-fernando52@ferreira.com,Labore,Inativo
602.931.458-06,67755076,Igor Mendes,ldas-neves@lopes.com,Delectus,Trancado
025.463.871-62,68441742,Emanuel Gonçalves,mariane65@bol.com.br,Nesciunt,Ativo
954.260.318-51,54290133,Milena Mendes,caio05@almeida.net,Ex,Inativo
324.071.586-44,98043022,Maria Luiza Peixoto,miguelda-rosa@caldeira.com,Temporibus,Inativo
019.284.536-51,72493769,Ana Vitória Moura,qda-conceicao@alves.com,Ea,Ativo
590.381.426-33,17336626,Dra. Eloah Vieira,guilherme94@farias.br,Quidem,Trancado
287.364.915-19,53632537,Thiago Oliveira,alvesmanuela@yahoo.com.br,Corporis,Ativo
780.529.314-79,97034667,Sra. Evelyn Carvalho,maria-clarasantos@bol.com.br,Magnam,Trancado
682.435.970-00,84918087,Isabel Pires,beatriz42@yahoo.com.br,Nisi,Ativo
594.713.802-60,96170254,Sr. Rodrigo Pereira,isabel96@da.br,Aperiam,Trancado
826.037.914-78,80298994,Erick Aragão,davi-lucca38@yahoo.com.br,Neque,Inativo
963.701.524-80,90736171,Srta. Ana Beatriz Nogueira,rafaela58@yahoo.com.br,Tempora,Ativo
483.091.657-57,38182225,Marcelo Nunes,estherrodrigues@yahoo.com.br,Sapiente,Ativo
785.326.910-21,91572235,Eduarda Caldeira,vitor-hugo15@dias.com,Architecto,Ativo
741.320.658-71,15335108,Joaquim Barbosa,freitasluiz-fernando@sales.br,Corporis,Inativo
941.587.023-05,82162379,Enrico Moura,isabelly75@bol.com.br,Veritatis,Inativo
301.765.942-99,16744120,Lara da Cunha,fernandesmarcela@souza.com,Impedit,Ativo
348.592.016-98,91678049,Luiz Miguel Nascimento,drezende@hotmail.com,Molestias,Ativo
493.072.581-04,23819438,Brenda Monteiro,ryan93@barbosa.com,Autem,Inativo
648.297.315-91,93793324,Eloah Santos,wrezende@duarte.com,Officia,Ativo
395.026.841-33,25702724,Beatriz Rocha,jesusemanuella@gmail.com,Numquam,Ativo
520.147.963-43,20341217,Sophie da Mata,oliveiravitor-gabriel@hotmail.com,Exercitationem,Trancado
329.057.681-77,54116523,João Gabriel da Rosa,cardososophie@gmail.com,Quas,Inativo
519.306.842-15,58787096,Lavínia Aragão,caldeiraeduarda@caldeira.com,Officiis,Inativo
147.362.980-22,56946841,Augusto Pereira,alexiacardoso@hotmail.com,Velit,Inativo
162.847.059-30,56604474,Dr. Marcelo da Mota,pereiradavi-luiz@costa.br,Quos,Inativo
750.248.913-41,29480947,Alana Lima,sarahdias@costela.br,A,Trancado
495.031.682-60,86568988,Rebeca Carvalho,felipe88@pires.com,Sunt,Trancado
456.018.239-60,98072496,Maria Cecília Mendes,castromarcela@rocha.com,Eveniet,Inativo
216.705.389-40,24423536,Thales da Cruz,mirellacosta@hotmail.com,Repellat,Ativo
879.043.162-69,34516197,Alexandre Cavalcanti,jsales@ig.com.br,Possimus,Ativo
081.394.576-39,55018646,Sabrina Sales,leonardomelo@pinto.br,Voluptatem,Inativo
894.371.652-46,62606337,Davi Lucas Gonçalves,xfarias@gmail.com,Quod,Ativo
851.796.023-86,97697237,Luiza Souza,anafreitas@sales.com,Accusamus,Ativo
563.108.279-95,28627411,Levi Melo,inogueira@hotmail.com,Possimus,Ativo
097.128.354-05,50428254,Luiz Miguel da Rosa,da-conceicaomaria-luiza@moreira.br,Neque,Inativo
034.182.759-23,92184737,Daniel da Conceição,heloisa17@barbosa.org,Rem,Inativo
847.025.319-05,79147949,Luiz Gustavo Fernandes,joao-vitor51@uol.com.br,Labore,Ativo
195.083.462-05,72757242,Dr. Lucca Nogueira,alice06@barros.com,Veritatis,Trancado
691.420.857-30,44590271,Felipe Caldeira,sofiasantos@pinto.com,Harum,Inativo
310.784.269-96,16200990,Caroline Porto,pmoura@teixeira.net,Voluptatem,Trancado
271.049.586-49,17327693,Sr. João Lucas Porto,spereira@hotmail.com,Quaerat,Ativo
271.039.465-07,66584220,Lavínia Lopes,pietrada-luz@araujo.com,Fugiat,Ativo
406.519.738-48,69335185,Daniel Vieira,larissasilveira@mendes.br,Esse,Trancado
215.487.630-71,77808094,Maria Clara Moura,pda-luz@dias.com,Suscipit,Inativo
089.357.621-21,12699306,Ana Laura Rodrigues,das-nevespedro-henrique@gmail.com,Corporis,Trancado
968.104.753-20,23577437,Dra. Catarina Vieira,da-pazkaique@moreira.com,Vero,Ativo
931.468.257-91,50968922,Sr. Eduardo Oliveira,leticia21@moreira.org,Inventore,Inativo
428.690.537-38,35853061,Sra. Isadora Martins,garagao@correia.com,Neque,Inativo
360.471.529-61,96099565,Eloah Lima,eduardacosta@gmail.com,Voluptatibus,Trancado
597.204.813-23,77115015,Vitor Gabriel Martins,mariane34@gmail.com,Odit,Ativo
605.231.987-95,10934006,Júlia Freitas,lmendes@bol.com.br,Molestiae,Trancado
047.593.162-99,62332962,Pietra Gonçalves,vitorfernandes@ig.com.br,Veniam,Trancado
524.713.608-07,54587142,Maria Luiza Costa,emanuel61@ig.com.br,Quidem,Inativo
839.541.726-82,31328356,Manuela Campos,benjamindas-neves@cavalcanti.com,Ratione,Ativo
743.065.891-10,80389537,Eloah Silva,ana-livia15@da.com,Dolorem,Trancado
512.734.096-80,46114416,Maysa Fernandes,ida-costa@teixeira.com,Nihil,Ativo
571.268.430-62,78150078,Vitor Gabriel Oliveira,davi-lucaslima@moura.com,Laudantium,Inativo
438.219.507-14,70602526,Gustavo Henrique Campos,lsilva@da.org,Accusantium,Ativo
405.169.837-84,33460263,Sra. Sabrina Teixeira,maria-luiza04@moraes.com,Iusto,Trancado
189.256.043-70,32734340,Sofia da Mata,beniciosantos@ig.com.br,Iure,Ativo
814.625.397-00,33629859,Marina Jesus,silvaenzo-gabriel@bol.com.br,Impedit,Trancado
582.709.413-79,64843060,Maria Monteiro,alexandreduarte@yahoo.com.br,Maiores,Trancado
915.378.204-60,22639606,Daniela Freitas,ana-luiza18@uol.com.br,Natus,Inativo
312.567.908-77,64204380,Enrico Freitas,agathacarvalho@monteiro.com,Accusantium,Inativo
275.194.068-49,15727176,Dr. João Miguel Lopes,joao-miguelda-mota@ig.com.br,Dolore,Ativo
234.608.791-22,99817241,Vitor Farias,wpeixoto@farias.com,Accusamus,Inativo
407.281.695-76,65780507,Isabel Almeida,da-matamaria@uol.com.br,Eligendi,Inativo
216.354.870-80,54538452,João Miguel Lima,fernandestheo@duarte.com,Sunt,Ativo
891.274.635-91,15596059,Henrique Pires,mouraana-sophia@hotmail.com,Velit,Trancado
724.813.596-82,77874718,Rafael Dias,nmonteiro@ig.com.br,Ut,Inativo
719.364.285-55,53845193,Brenda Cavalcanti,da-costajoao-miguel@hotmail.com,Consequatur,Inativo
236.975.084-74,61437648,Dr. Alexandre Duarte,ifogaca@uol.com.br,Libero,Ativo
352.174.986-09,43509085,Pedro Pinto,leandro67@freitas.com,Commodi,Trancado
129.358.470-32,85373726,Melissa Farias,ymoura@hotmail.com,Ipsa,Ativo
150.936.724-16,41531352,Emanuel Costa,isaac51@bol.com.br,Dolorem,Ativo
351.709.426-99,76153276,Pedro Lucas da Conceição,melomilena@gmail.com,Repellat,Trancado
386.927.014-40,97861008,Isadora Cardoso,mribeiro@barros.br,Hic,Ativo
587.940.362-92,80385402,Heitor da Rocha,leandro58@da.com,Facilis,Ativo
623.490.178-69,66258736,Sophia Moreira,noah54@da.br,Nisi,Inativo
214.738.506-90,63433590,Bernardo Nogueira,da-mataana-luiza@barbosa.com,Officiis,Trancado
492.781.605-20,63661959,Rebeca Barros,da-luzthomas@ig.com.br,Similique,Trancado
891.320.765-68,54164285,Joana Jesus,livia43@fogaca.br,Tempore,Trancado
386.194.027-22,25276042,Ana Lívia Moura,levibarros@yahoo.com.br,Voluptate,Ativo
952.463.180-60,62576610,Luiz Henrique Novaes,oliveirafernando@yahoo.com.br,Blanditiis,Trancado
947.561.328-55,39997316,Raquel da Luz,helena06@hotmail.com,Exercitationem,Ativo
983.571.042-23,56116897,Bianca Duarte,joao-pedronovaes@gmail.com,Amet,Trancado
759.142.360-61,67709692,Kevin Costa,bmoraes@da.com,Deleniti,Inativo
413.972.806-03,94903137,Stephany da Cruz,moraesjulia@ig.com.br,Quaerat,Inativo
287.961.340-03,67767413,Cauê Melo,duartemiguel@costa.com,Eum,Ativo
829.145.063-33,25794020,Bianca Cardoso,guilherme47@sales.com,Consequatur,Ativo
278.403.965-00,92951236,Bernardo da Mata,raquelcostela@yahoo.com.br,Doloribus,Trancado
135.046.792-80,68696954,Enrico Moura,fcostela@yahoo.com.br,Quasi,Inativo
206.539.817-59,15262783,Sra. Catarina Campos,gabrielramos@yahoo.com.br,Natus,Inativo
169.840.732-78,65084139,Sra. Ana Vitória das Neves,silveiralevi@yahoo.com.br,Temporibus,Inativo
587.926.143-37,51756159,Stella da Rocha,maria-clarafernandes@ig.com.br,Nobis,Ativo
961.457.832-73,17616819,João Miguel Sales,milenadas-neves@gmail.com,Libero,Inativo
416.027.935-06,28280669,Maria Vitória Mendes,ana-beatriz24@uol.com.br,Quia,Inativo
532.478.169-09,57717622,Sr. Vitor Gonçalves,almeidarenan@das.net,Quam,Ativo
164.730.298-69,98240954,Diego Barros,hda-rocha@gmail.com,Error,Trancado
694.085.273-56,25424017,Bernardo Vieira,da-luzpaulo@gmail.com,Rerum,Ativo
349.016.258-70,73155696,Davi Lucas Teixeira,joao-guilhermebarbosa@da.br,Et,Ativo
350.812.694-33,50306216,Ana Sophia Fernandes,enrico82@hotmail.com,Voluptates,Trancado
837.596.401-84,65236529,Gustavo Freitas,monteirojulia@costela.com,Itaque,Trancado
615.347.298-28,63276039,Sr. Davi Lucca Pires,tfogaca@correia.com,Mollitia,Inativo
679.834.015-66,13271236,Mirella Duarte,melopedro@uol.com.br,Architecto,Trancado
453.912.760-80,38192475,Guilherme Vieira,maria-sophiacosta@fernandes.br,At,Trancado
310.648.752-62,13663583,Sra. Maysa da Costa,da-cruzgabriela@gmail.com,Magni,Inativo
250.173.498-04,37534441,Milena Novaes,jesusmaite@ig.com.br,Necessitatibus,Inativo
475.813.690-48,94316846,Maria Cecília Oliveira,cardosodavi@silveira.br,Neque,Trancado
179.205.438-60,21160240,Alana da Mota,maria-eduarda26@hotmail.com,Amet,Ativo
481.657.209-02,32315590,Lívia da Conceição,jesuslucas-gabriel@novaes.org,Sint,Ativo
256.174.938-09,86808746,Evelyn Pereira,catarina09@yahoo.com.br,Aut,Trancado
013.786.925-86,16395508,Davi Lucca Martins,ryan98@da.br,Nulla,Ativo
540.368.921-42,84230924,Maria Cecília Viana,bpires@ig.com.br,Iure,Inativo
824.967.513-46,57210661,Joana Moraes,da-cunhamaria-clara@uol.com.br,Nemo,Trancado
139.486.507-48,57970080,Dr. Nicolas Peixoto,ida-costa@goncalves.com,Saepe,Inativo
935.641.782-28,34001908,Nicole da Mata,yfernandes@gmail.com,Ut,Ativo
704.965.328-47,94487942,Dr. Levi Barros,kda-cunha@gmail.com,Eveniet,Inativo
659.238.410-70,12227478,Ana Luiza Santos,umoraes@hotmail.com,Facilis,Trancado
169.542.873-00,14960582,Sra. Giovanna Rezende,nbarbosa@peixoto.com,At,Ativo
832.760.941-69,89506675,Erick Sales,thales22@bol.com.br,Repudiandae,Trancado
836.742.015-26,95364394,Emanuelly Lima,carlos-eduardo90@yahoo.com.br,Ad,Inativo
309.748.261-03,21887373,João da Rocha,lopesdaniel@gmail.com,Iure,Trancado
531.209.746-25,47787286,Pedro Henrique da Rosa,rodrigo84@lima.br,Minus,Ativo
915.380.264-06,39483341,Larissa Nascimento,carvalholucca@gmail.com,Atque,Inativo
427.605.183-53,46114949,Lorena Monteiro,maria89@melo.com,Quod,Ativo
216.357.409-16,72093023,Isabelly Farias,souzamanuela@hotmail.com,Quis,Ativo
465.273.981-82,80970266,Enrico Duarte,vramos@yahoo.com.br,Voluptas,Ativo
965.073.214-43,38068423,Ryan Carvalho,joao-lucasfarias@ferreira.net,Aliquam,Inativo
401.397.258-14,22093470,Eloah Pereira,maria-alice03@da.com,Necessitatibus,Ativo
493.657.108-39,59975483,Caroline Cardoso,piresenzo-gabriel@moura.com,Sunt,Inativo
120.378.695-68,24159688,Samuel Santos,davi-lucas85@freitas.com,Harum,Ativo
824.913.507-50,45390355,João Gabriel da Cruz,fernanda38@hotmail.com,Ipsa,Inativo
603.952.487-10,48422611,Alícia Campos,maite80@pereira.com,Adipisci,Inativo
730.826.954-00,10787242,Vitória Gomes,maria-claraaragao@hotmail.com,Corporis,Trancado
530.216.498-15,77851355,Luiz Henrique da Luz,tfernandes@barbosa.com,Ullam,Ativo
152.087.963-68,26619736,Alexandre Moreira,jsales@cardoso.br,Odit,Trancado
321.578.064-07,85244441,Pedro Lucas Cardoso,vitor-gabriel81@rodrigues.br,Fugiat,Ativo
428.056.179-67,36010565,João Felipe Gomes,mirella97@da.net,In,Ativo
624.758.390-74,58590346,Alexandre Nascimento,nogueiraryan@hotmail.com,Iure,Inativo
042.613.987-96,17726541,Ana Clara Castro,da-rochacalebe@uol.com.br,Repellendus,Inativo
728.614.503-71,28282966,João Vitor da Cruz,claracorreia@lima.br,Nobis,Ativo
623.791.084-04,13127403,Dra. Luna Monteiro,camposleticia@novaes.net,Facilis,Ativo
906.172.458-94,87031434,Manuela Vieira,da-rosabruno@viana.com,Perferendis,Ativo
524.691.738-09,51219416,Sr. Otávio Cunha,qmartins@nogueira.com,Iste,Inativo
486.923.501-33,19437082,Sarah Moreira,ana-liviacorreia@yahoo.com.br,Autem,Trancado
169.087.352-30,27684076,Benjamin Barros,aliciamoraes@ig.com.br,Cumque,Ativo
932.175.048-79,65469641,Ana Sophia da Mata,moraesmaria-eduarda@ig.com.br,Praesentium,Ativo
591.286.370-03,82691823,Kamilly Pereira,cunhaana-julia@caldeira.br,Possimus,Trancado
065.241.938-06,48446990,Maria Sophia Martins,yasmin16@da.com,Nulla,Ativo
519.273.840-79,21753664,Joaquim Moraes,da-rosamaysa@bol.com.br,Quibusdam,Trancado
869.037.541-48,47862491,Rebeca Fernandes,oliviaazevedo@pereira.br,Perferendis,Ativo
378.465.091-01,44273853,Yasmin Teixeira,vda-rocha@silva.com,Qui,Trancado
941.526.730-52,61352879,Luiz Miguel Azevedo,erickda-cruz@bol.com.br,Perferendis,Inativo
873.609.421-87,65768936,Vitor Hugo Barbosa,kamillycosta@uol.com.br,Corporis,Inativo
468.531.920-60,48966334,Dra. Nicole Farias,brunodias@correia.com,Qui,Inativo
409.851.236-05,97661240,Francisco Aragão,moreirajulia@gmail.com,Facere,Ativo
784.093.561-39,74393879,Srta. Ana Clara Silveira,cmoraes@da.br,Molestias,Ativo
809.432.756-10,64048271,Bárbara Santos,gda-mota@silveira.com,Occaecati,Ativo
538.206.197-12,47009532,Bruno da Costa,alanasouza@uol.com.br,Voluptatem,Inativo
256.139.740-80,35104746,Brenda Monteiro,ana-juliasouza@yahoo.com.br,Saepe,Ativo
813.529.607-02,17581301,Manuela Azevedo,zalves@lima.com,Id,Trancado
875.410.263-44,57887894,Luigi Nascimento,joao-lucassouza@ig.com.br,Magni,Trancado
754.986.032-74,53873532,Ana Clara Ribeiro,thiago98@campos.br,Impedit,Inativo
405.928.176-01,36318157,Sra. Gabrielly das Neves,joao81@uol.com.br,Recusandae,Ativo
045.321.786-90,70602792,Caio Novaes,claracorreia@gmail.com,Architecto,Inativo
740.285.961-49,35802061,Rodrigo da Cunha,marcelojesus@caldeira.com,Iusto,Trancado
621.890.753-86,55922730,Caio da Rosa,wda-cunha@uol.com.br,Perspiciatis,Ativo
586.197.402-02,30272183,Calebe Gomes,laura36@viana.com,Eveniet,Trancado
239.564.870-10,67841555,Milena Ribeiro,nicolasalves@silva.com,Laboriosam,Trancado
791.236.450-16,91726395,Ana Sales,thiago47@moura.br,Praesentium,Trancado
540.182.936-15,39384276,Carolina da Mata,caiocampos@freitas.br,Laboriosam,Trancado
069.478.351-00,82166812,Vinicius da Conceição,da-luznatalia@uol.com.br,Laudantium,Ativo
615.234.098-51,47308341,Sr. Samuel Mendes,nicolas98@uol.com.br,Officia,Inativo
483.761.259-82,96689264,Heloísa Porto,davida-conceicao@rocha.br,Fugiat,Ativo
931.806.425-05,54295373,Sra. Heloísa Costa,faragao@da.com,Reiciendis,Trancado
895.740.136-93,22847171,Marcela Mendes,diasisabel@uol.com.br,Dolore,Inativo
783.590.461-66,88589610,Júlia Viana,rodrigoda-paz@hotmail.com,Atque,Trancado
840.532.917-04,88950530,Ana Beatriz Pires,lda-cunha@gomes.br,Natus,Inativo
930.852.416-98,96964184,Melissa Silveira,silvaagatha@ig.com.br,Tempora,Ativo
164.328.597-19,80375581,Ryan Moreira,alopes@porto.com,Harum,Ativo
021.385.496-15,13432780,Olivia Novaes,ana-sophia45@hotmail.com,Atque,Trancado
082.953.416-42,98867536,Gustavo Farias,ncostela@yahoo.com.br,Praesentium,Trancado
617.350.824-90,74797408,Eloah Peixoto,rauldas-neves@bol.com.br,Sit,Inativo
983.564.012-24,42208411,Leonardo Lopes,mda-rocha@hotmail.com,Quidem,Ativo
726.450.981-85,56346398,Maria Eduarda Cunha,andre31@fogaca.org,Recusandae,Ativo
735.201.948-05,73489733,Luiz Otávio Pereira,rafael10@uol.com.br,Exercitationem,Inativo
416.372.958-55,19830615,Carolina da Mota,souzamaria-julia@ig.com.br,Aut,Trancado
521.978.630-02,31095178,Thales Correia,enzo-gabriel50@nunes.net,Quibusdam,Ativo
096.384.152-15,99362154,Thiago Castro,xrezende@costela.br,Quibusdam,Ativo
785.649.230-92,60369119,Lucca Viana,isales@da.com,Atque,Ativo
104.935.876-75,72567326,Murilo da Conceição,scavalcanti@yahoo.com.br,Beatae,Trancado
074.185.632-80,80192267,Samuel da Rocha,ujesus@campos.net,Assumenda,Trancado
968.723.051-77,23889586,João Vitor Porto,coliveira@farias.org,Dolor,Trancado
574.186.903-39,70400390,Vitor Ferreira,tmoraes@uol.com.br,Soluta,Ativo
163.487.059-00,48189541,Ana Santos,emartins@oliveira.br,Fugiat,Inativo
913.624.857-64,30241217,André Correia,da-cruzmaria-julia@ig.com.br,Saepe,Trancado
405.693.817-20,57156813,Bárbara Freitas,das-nevesjoao-gabriel@das.org,Veniam,Trancado
346.291.587-82,31341589,Isaac Alves,da-costaalexia@da.br,Nam,Inativo
630.894.172-78,30096524,Daniel Viana,antonio87@nascimento.br,Laboriosam,Trancado
806.135.729-12,87850866,Sra. Manuela Cardoso,carlos-eduardo64@hotmail.com,Aliquid,Ativo
640.893.752-74,17047625,Laura Moreira,souzaana-luiza@da.br,Enim,Ativo
592.641.830-51,81169476,Anthony Moreira,da-conceicaolarissa@nascimento.br,Porro,Trancado
420.869.715-67,67151520,Pietro Sales,santospedro-henrique@cardoso.com,In,Trancado
351.809.472-60,55550519,Mariana Dias,biancavieira@uol.com.br,Atque,Ativo
514.378.906-01,18948687,Srta. Larissa Aragão,catarinacorreia@bol.com.br,Ab,Ativo
802.934.561-51,30018243,Ana Lívia da Mata,bsilva@yahoo.com.br,Temporibus,Trancado
924.105.376-34,20939400,Bárbara da Mota,diogo37@hotmail.com,Dolore,Inativo
631.984.072-22,83916917,Srta. Ana da Paz,joana39@silva.net,Culpa,Trancado
130.649.875-93,64471303,Pedro Lucas Ramos,lmoreira@uol.com.br,Quis,Ativo
469.278.305-29,99904272,João Vitor Santos,oliviabarbosa@yahoo.com.br,Sed,Ativo
637.584.290-56,63743992,Dr. Leonardo Almeida,amelo@bol.com.br,Sit,Inativo
218.053.749-23,58541312,Bárbara Pereira,mariana45@yahoo.com.br,Libero,Ativo
379.584.601-39,76625720,Sr. Guilherme Sales,gustavoda-mota@martins.org,Blanditiis,Inativo
381.429.657-55,47902959,Evelyn Rezende,davi-luiz83@ig.com.br,Nostrum,Ativo
132.560.498-42,34906498,Lucas Gabriel da Mata,maria-fernanda04@vieira.br,Soluta,Inativo
825.731.064-62,72165366,Emilly da Mata,tsilva@porto.br,Tenetur,Ativo
584.263.701-44,15162693,Brenda da Mata,larissa15@nogueira.com,Praesentium,Trancado
372.958.641-64,85092403,João Pedro Moura,sofiaazevedo@bol.com.br,Veritatis,Ativo
260.174.953-99,34744524,Maria Julia Pires,araujomarina@correia.com,Nihil,Ativo
107.835.924-50,63411396,Pietro Aragão,sda-mata@yahoo.com.br,Aut,Ativo
546.312.897-91,80291085,Milena Cardoso,costanoah@nogueira.net,A,Inativo
941.286.305-51,88396436,Sra. Ana Júlia Santos,ecardoso@ig.com.br,Perferendis,Ativo
653.498.712-00,60894139,Mariana Duarte,oda-mata@melo.org,Explicabo,Trancado
471.203.869-13,61792896,Isadora Peixoto,castroenzo@yahoo.com.br,Nesciunt,Trancado
735.412.698-55,62742485,Fernanda Viana,alicia79@farias.org,Nam,Ativo
140.827.369-13,59696559,Maria Luiza Silva,sophiacavalcanti@hotmail.com,At,Trancado
798.230.165-77,24518858,Maitê Teixeira,cmendes@alves.br,Eos,Inativo
510.384.796-57,64029905,Dra. Manuela Rezende,lopesrenan@uol.com.br,Dignissimos,Trancado
256.187.934-82,76547771,Ian Barros,pedro-miguel80@gmail.com,Quo,Inativo
268.913.075-03,90740685,Lara Porto,ana-laura97@duarte.br,Veniam,Trancado
564.123.809-06,46001772,Dr. Davi Lucas Monteiro,cauepinto@bol.com.br,Porro,Inativo
287.493.610-31,93247216,Maria Luiza Moura,gabrielly83@rocha.br,Alias,Ativo
635.840.912-33,68588254,Pietro Pinto,urezende@gmail.com,Accusantium,Trancado
143.792.685-19,52339503,Bruno da Luz,oferreira@das.net,Nesciunt,Inativo
012.637.495-34,90572892,Yago Alves,da-matathiago@da.org,Veniam,Ativo
407.268.193-87,78481153,Lara Jesus,araujocaue@uol.com.br,Nihil,Ativo
159.780.342-14,34196988,Nina Farias,goncalvesotavio@hotmail.com,Voluptatum,Trancado
450.731.896-39,87285479,Nina Cavalcanti,da-pazmarcos-vinicius@cavalcanti.com,Vitae,Ativo
586.742.093-00,24250466,Anthony da Costa,davi-luizda-cunha@moreira.org,Nesciunt,Ativo
395.184.026-98,15532778,Mariane Peixoto,nuneslucas@peixoto.net,Ipsa,Ativo
621.850.943-51,60998654,Pedro Lucas Monteiro,pedro-henriqueferreira@uol.com.br,Deserunt,Inativo
601.837.452-80,62820329,Maria Clara Silva,leonardopires@da.com,Rem,Ativo
567.924.018-11,54282923,Bianca da Costa,joao-miguelnogueira@yahoo.com.br,Id,Trancado
264.583.790-56,76458694,Sr. Henrique Silva,souzamanuela@bol.com.br,Deserunt,Trancado
352.067.814-44,56402945,Otávio Lima,imartins@cardoso.br,Beatae,Trancado
390.421.856-51,50169158,Stephany Teixeira,fda-costa@yahoo.com.br,Eius,Trancado
241.385.679-09,83438487,Emanuel Silva,franciscoda-paz@uol.com.br,Qui,Inativo
625.130.489-89,90913263,João Felipe da Mota,isaac58@gmail.com,Neque,Ativo
691.234.870-03,89341712,Isis da Luz,souzaluiz-fernando@rezende.com,Magni,Inativo
617.085.923-77,45266252,Dr. Gustavo Dias,rfogaca@costa.br,Officiis,Trancado
705.491.836-39,87558473,João Guilherme Dias,gmonteiro@gmail.com,Laudantium,Ativo
265.739.810-30,74013724,Dra. Gabrielly da Mota,lmonteiro@uol.com.br,A,Ativo
452.730.169-16,33836039,Beatriz Costa,da-cunhamaria-alice@das.com,A,Trancado
392.715.840-23,96917863,Gabriela Azevedo,da-motamatheus@ig.com.br,Accusantium,Inativo
483.567.029-92,83007600,Danilo Ramos,caio97@barbosa.com,Dolorem,Ativo
026.391.785-12,37475581,Leandro Rocha,sgomes@pires.br,Dolores,Trancado
290.637.145-99,15002100,Dr. Marcos Vinicius Silva,miguelnogueira@uol.com.br,Porro,Ativo
274.501.936-80,75898701,Rafael Ramos,davi41@hotmail.com,Sequi,Inativo
279.516.408-67,97526133,Ana Clara Fogaça,usilveira@costa.org,Magni,Inativo
960.538.142-70,49226772,Sr. Isaac Rezende,fdas-neves@da.br,Aliquid,Ativo
670.342.819-04,83605134,Breno Jesus,ufreitas@bol.com.br,Fugit,Inativo
213.067.458-53,88696472,Maria Sophia Lima,leandro64@dias.br,Illo,Ativo
290.473.861-40,12138536,Francisco Moreira,thalesda-paz@hotmail.com,Recusandae,Trancado
287.953.140-32,58684889,Beatriz Dias,goncalveserick@bol.com.br,Distinctio,Inativo
570.134.296-43,72552324,Felipe Santos,vmartins@alves.com,Asperiores,Inativo
632.984.105-51,59188583,Pedro Miguel Pires,costacatarina@hotmail.com,Quibusdam,Inativo
842.593.701-97,12017249,Agatha da Mota,vsouza@da.org,Exercitationem,Trancado
214.689.053-33,94288047,Maitê Pinto,xcorreia@uol.com.br,Iusto,Inativo
471.253.609-80,16682524,Benício Duarte,barrosluigi@ig.com.br,Iusto,Ativo
547.986.312-64,14971876,Dr. Ian Lima,pcunha@gmail.com,Necessitatibus,Ativo
753.910.486-48,49332338,Enzo Gabriel Rodrigues,vcardoso@hotmail.com,Perferendis,Ativo
641.930.725-25,64684033,Natália Duarte,portomaysa@araujo.com,Deserunt,Inativo
759.042.813-23,34499353,Ana Beatriz Castro,wnascimento@castro.org,Repudiandae,Inativo
328.409.761-96,23643744,Murilo Fernandes,nathan43@ig.com.br,Eaque,Ativo
564.718.290-94,57044385,Gabriela Araújo,stellaaraujo@pinto.org,Omnis,Ativo
942.153.760-25,69920628,Arthur Oliveira,rribeiro@ig.com.br,Molestias,Trancado
418.762.093-13,15537856,Luiz Gustavo Sales,isaac13@da.org,Unde,Trancado
843.096.175-57,69756227,Davi Ramos,teixeirajoana@fernandes.org,Laborum,Trancado
038.251.694-05,43523083,Luiz Gustavo da Mota,benicioribeiro@uol.com.br,Accusantium,Inativo
934.182.567-91,85805069,Vicente Sales,moreirafelipe@ig.com.br,Incidunt,Ativo
231.790.458-41,77179052,Pietra Cardoso,tcardoso@yahoo.com.br,Dicta,Trancado
394.510.627-34,60841963,Valentina Cardoso,pietro35@hotmail.com,Possimus,Ativo
970.524.861-30,35493052,Alícia Monteiro,taragao@gmail.com,Natus,Trancado
261.879.345-55,44207593,Maria Eduarda Costa,natalia75@uol.com.br,Nobis,Trancado
376.415.892-19,47647814,Caroline da Luz,nunesluigi@ig.com.br,Aspernatur,Inativo
643.921.078-50,31925997,Rodrigo Silveira,lopesmaria-alice@ig.com.br,Laborum,Trancado
620.573.981-02,63635975,Gabriel Nascimento,valentina87@uol.com.br,Ipsam,Trancado
251.947.806-30,59802408,Alexia da Rosa,vieiraenzo@gmail.com,Dolorum,Ativo
421.693.580-05,50328829,Theo Vieira,marcos-vinicius70@yahoo.com.br,Quisquam,Inativo
827.590.634-29,66510396,Bernardo Nascimento,ucostela@bol.com.br,Sequi,Trancado
108.693.542-05,52152179,Raul Cavalcanti,heloisa33@moreira.com,Accusantium,Inativo
378.190.256-03,49472026,Pedro Lucas Campos,vdias@ig.com.br,Perspiciatis,Ativo
561.843.279-09,43829381,Marcos Vinicius Teixeira,barbosasabrina@nascimento.com,Id,Ativo
679.581.234-00,95759876,Maysa Novaes,leticiaazevedo@costa.br,Error,Trancado
352.167.980-21,57188743,Luiz Felipe Cunha,sabrinacunha@da.org,Possimus,Ativo
930.425.187-79,35997927,Alexandre Porto,kamillycostela@uol.com.br,Eveniet,Trancado
290.756.381-59,84116483,João Gabriel Farias,lorenzo05@nunes.com,Hic,Inativo
580.314.962-42,16551370,Danilo Moura,livia80@uol.com.br,Beatae,Inativo
083.215.769-40,70647571,Eduardo Almeida,ceciliada-paz@da.com,Dolorem,Trancado
768.493.102-40,52321866,Catarina da Luz,salesbryan@gomes.com,Vel,Trancado
408.765.291-20,67094819,Esther da Rosa,fernandanascimento@yahoo.com.br,Commodi,Inativo
854.306.792-83,83872171,Sra. Gabrielly Azevedo,qmendes@barbosa.net,Est,Inativo
762.315.480-07,82034310,Laís Fogaça,uda-cunha@yahoo.com.br,Praesentium,Trancado
521.694.708-67,11249442,Lara Teixeira,erickmelo@hotmail.com,Doloribus,Inativo
584.391.762-28,68559353,Paulo Castro,nathanrezende@hotmail.com,Accusantium,Inativo
157.936.042-43,51278250,Thales da Rocha,noahjesus@farias.org,Dolore,Inativo
206.197.835-59,78168768,Renan Melo,livia39@uol.com.br,Laudantium,Ativo
645.182.370-80,66432987,Eduardo Araújo,isis73@nunes.com,Delectus,Inativo
903.786.124-50,83956338,Sophia Viana,rsilveira@yahoo.com.br,Perferendis,Ativo
236.840.597-65,47168538,Maria Luiza Lima,pedro-lucas63@almeida.br,Odit,Ativo
359.207.618-30,54407542,Luiz Gustavo Santos,srodrigues@freitas.com,Alias,Inativo
537.984.260-74,54901843,Dra. Alice Monteiro,maria-sophia61@lopes.br,Eius,Inativo
485.392.601-15,87325889,Luigi Campos,martinsmaria@gmail.com,Minus,Trancado
219.374.805-50,86755719,Marcos Vinicius Caldeira,caiomoreira@bol.com.br,Provident,Inativo
489.370.562-83,77561334,João Vitor Farias,pmoraes@gmail.com,Distinctio,Inativo
501.789.642-20,41323373,Dr. Theo Porto,davibarbosa@yahoo.com.br,Qui,Inativo
378.210.965-12,45115058,Breno Araújo,cardosoenzo@yahoo.com.br,Nostrum,Trancado
910.423.765-06,12446893,Lorenzo Farias,melissa16@bol.com.br,Facere,Ativo
652.980.437-47,70777848,Yasmin Souza,anabarbosa@ig.com.br,Esse,Trancado
